,x,y,z,u,v,w,phi,theta,psi,p,q,r
0,12.499589627606904,-2.8688174265806295e-10,0.2935298370810523,24.999614665330377,-1.5947522017430255e-09,0.8961353462446936,-2.2055860826738512e-08,-0.0025006922916318043,-1.2684413222559196e-12,4.728843541850479e-24,3.6511822269257434e-16,9.935876577797714e-24
