,delta_a,delta_e,delta_r,delta_t
0,-3.2215443911110556e-10,10.01368659289445,1.0991229047823666e-08,0.12496050696156542
