,delta_a,delta_e,delta_r,delta_t
0,-7.046484034842664e-11,10.036618108629781,2.4040390344787524e-09,0.12485389020773156
