,delta_a,delta_e,delta_r,delta_t
0,-7.880748028996747e-11,-1.0849420546628414,2.6866226908194297e-09,0.6473369175792475
