,x,y,z,u,v,w,phi,theta,psi,p,q,r
0,4.998751702180626,-7.50353291035517e-11,-0.1359075348364249,25.000015644373924,-3.9545104585898004e-10,-0.9037125892011814,-1.6613738140628597e-08,-0.0037437672156451288,-5.7516780386931635e-15,6.214930225678355e-23,4.826633255455819e-15,-5.728415002972002e-22
