x,y,z,theta_dg,phi_dg,psi_dg
10.0,60.0,5.0,0.0,38.68110437160851,90.0
31.0,81.0,6.0,1.928520625364482,-21.816466533486263,45.0
58.0,94.0,7.0,1.9112756804526447,-9.736995735967344,25.709953780811265
87.0,102.0,8.0,1.9038751187145908,-5.2289575780332616,15.42216131873867
